timestamp;temperature;humidity
2024-06-26T07:03:47,121399090+01:00;29.9;77.4
2024-06-26T07:03:48,170391429+01:00;29.9;77.5
2024-06-26T07:03:49,217382930+01:00;29.9;77.4
2024-06-26T07:03:50,263833337+01:00;29.9;77.4
2024-06-26T07:03:51,309942026+01:00;29.9;77.4
2024-06-26T07:03:52,356172227+01:00;29.9;77.4
2024-06-26T07:03:53,402371909+01:00;29.9;77.4
2024-06-26T07:03:54,448288884+01:00;29.9;77.4
2024-06-26T07:03:55,492002364+01:00;29.9;77.4
2024-06-26T07:03:56,536987776+01:00;29.9;77.4
2024-06-26T07:03:57,584122623+01:00;29.9;77.3
2024-06-26T07:03:58,631883880+01:00;29.9;77.3
2024-06-26T07:03:59,678997740+01:00;29.9;77.3
2024-06-26T07:04:00,730261458+01:00;29.9;77.3
2024-06-26T07:04:01,774348021+01:00;29.9;77.3
2024-06-26T07:04:02,817442760+01:00;29.9;77.3
2024-06-26T07:04:03,863172143+01:00;29.9;77.3
2024-06-26T07:04:04,907648816+01:00;29.9;77.3
2024-06-26T07:04:05,952567106+01:00;29.9;77.3
2024-06-26T07:04:06,997458523+01:00;29.9;77.3
2024-06-26T07:04:08,041724262+01:00;29.9;77.2
2024-06-26T07:04:09,088697615+01:00;29.9;77.3
2024-06-26T07:04:10,135309926+01:00;29.9;77.3
2024-06-26T07:04:11,182234636+01:00;30.0;77.2
2024-06-26T07:04:12,229749088+01:00;29.9;77.2
2024-06-26T07:04:13,278169118+01:00;29.9;77.2
2024-06-26T07:04:14,323661744+01:00;29.9;77.3
2024-06-26T07:04:15,370802554+01:00;30.0;77.2
2024-06-26T07:04:16,418452430+01:00;29.9;77.2
2024-06-26T07:04:17,465535326+01:00;30.0;77.3
2024-06-26T07:04:18,512538744+01:00;30.0;77.2
2024-06-26T07:04:19,559975290+01:00;29.9;77.2
2024-06-26T07:04:20,606307875+01:00;29.9;77.2
2024-06-26T07:04:21,652308430+01:00;30.0;77.2
2024-06-26T07:04:22,697915861+01:00;29.9;77.2
2024-06-26T07:04:23,741526568+01:00;29.9;77.2
2024-06-26T07:04:24,786005039+01:00;29.9;77.2
2024-06-26T07:04:25,832209350+01:00;29.9;77.2
2024-06-26T07:04:26,880396638+01:00;29.9;77.2
2024-06-26T07:04:27,925965117+01:00;29.9;77.1
2024-06-26T07:04:28,970666772+01:00;29.9;77.2
2024-06-26T07:04:30,017837394+01:00;29.9;77.1
2024-06-26T07:04:31,065318018+01:00;29.9;77.2
2024-06-26T07:04:32,112115152+01:00;29.9;77.1
2024-06-26T07:04:33,156813896+01:00;29.9;77.2
2024-06-26T07:04:34,195468353+01:00;29.9;77.1
2024-06-26T07:04:35,234219113+01:00;29.9;77.1
2024-06-26T07:04:36,279372446+01:00;29.9;77.1
2024-06-26T07:04:37,326258910+01:00;29.9;77.2
2024-06-26T07:04:38,369545261+01:00;29.9;77.2
2024-06-26T07:04:39,414261565+01:00;29.9;77.1
2024-06-26T07:04:40,457066251+01:00;30.0;77.1
2024-06-26T07:04:41,500569898+01:00;29.9;77.2
2024-06-26T07:04:42,545424176+01:00;29.9;77.1
2024-06-26T07:04:44,592275214+01:00;29.9;77.2
2024-06-26T07:04:45,640190911+01:00;29.9;77.1
2024-06-26T07:04:46,687668171+01:00;29.9;77.1
2024-06-26T07:04:47,733868084+01:00;29.9;77.1
2024-06-26T07:04:48,778285754+01:00;29.9;77.1
2024-06-26T07:04:49,825454996+01:00;29.9;77.1
2024-06-26T07:04:50,873597107+01:00;29.9;77.1
2024-06-26T07:04:51,921180104+01:00;29.9;77.1
2024-06-26T07:04:52,968350704+01:00;29.9;77.1
2024-06-26T07:04:54,013935155+01:00;29.9;77.1
2024-06-26T07:04:55,060578309+01:00;29.9;77.1
2024-06-26T07:04:56,107754486+01:00;29.9;77.1
2024-06-26T07:04:57,154229205+01:00;29.9;77.1
2024-06-26T07:04:58,201939761+01:00;29.9;77.1
2024-06-26T07:04:59,251301783+01:00;29.9;77.1
2024-06-26T07:05:00,298680414+01:00;29.9;77.1
2024-06-26T07:05:01,348426554+01:00;29.9;77.1
2024-06-26T07:05:02,393967369+01:00;29.9;77.1
2024-06-26T07:05:03,440780951+01:00;29.9;77.1
2024-06-26T07:05:04,484977078+01:00;29.9;77.1
2024-06-26T07:05:05,523594909+01:00;29.9;77.1
2024-06-26T07:05:06,563173785+01:00;29.9;77.1
2024-06-26T07:05:07,606504289+01:00;29.9;77.0
2024-06-26T07:05:08,645227437+01:00;29.9;77.1
2024-06-26T07:05:09,683946939+01:00;29.9;77.1
2024-06-26T07:05:10,730440373+01:00;29.9;77.1
2024-06-26T07:05:11,773641142+01:00;29.9;77.0
2024-06-26T07:05:12,819674108+01:00;29.9;77.1
2024-06-26T07:05:13,866148431+01:00;29.9;77.0
2024-06-26T07:05:14,912274577+01:00;29.9;77.1
2024-06-26T07:05:15,959831823+01:00;29.9;77.1
2024-06-26T07:05:17,006519692+01:00;29.9;77.2
2024-06-26T07:05:18,053605949+01:00;29.9;77.2
2024-06-26T07:05:19,100902208+01:00;29.9;77.3
2024-06-26T07:05:20,147420028+01:00;29.9;77.5
2024-06-26T07:05:21,194616601+01:00;29.9;77.7
2024-06-26T07:05:22,241578228+01:00;29.9;78.0
2024-06-26T07:05:23,289243660+01:00;29.9;78.1
2024-06-26T07:05:24,336512633+01:00;29.9;78.7
2024-06-26T07:05:25,383463690+01:00;30.0;78.9
2024-06-26T07:05:26,430547093+01:00;30.0;79.2
2024-06-26T07:05:27,480094359+01:00;30.0;79.5
2024-06-26T07:05:28,523445617+01:00;30.0;79.8
2024-06-26T07:05:29,570202252+01:00;30.0;80.1
2024-06-26T07:05:30,616098833+01:00;30.1;80.4
2024-06-26T07:05:31,662177865+01:00;30.1;80.6
2024-06-26T07:05:32,708317991+01:00;30.2;80.9
2024-06-26T07:05:33,753874575+01:00;30.2;81.1
2024-06-26T07:05:34,800893404+01:00;30.2;81.3
2024-06-26T07:05:35,847387025+01:00;30.3;81.5
2024-06-26T07:05:36,892753664+01:00;30.3;81.7
2024-06-26T07:05:37,939809425+01:00;30.4;81.9
2024-06-26T07:05:38,986882217+01:00;30.4;82.0
2024-06-26T07:05:39,459918749+01:00;30.5;82.1
2024-06-26T07:05:40,496033750+01:00;30.5;82.1
2024-06-26T07:05:41,540826278+01:00;30.6;82.2
2024-06-26T07:05:42,587449439+01:00;30.7;82.2
2024-06-26T07:05:43,634880780+01:00;30.7;82.2
2024-06-26T07:05:44,681845194+01:00;30.8;82.2
2024-06-26T07:05:45,728394868+01:00;30.9;82.1
2024-06-26T07:05:46,772186670+01:00;30.9;82.1
2024-06-26T07:05:47,819747079+01:00;31.0;82.0
2024-06-26T07:05:48,870254373+01:00;31.1;81.9
2024-06-26T07:05:49,917268949+01:00;31.2;81.8
2024-06-26T07:05:50,962687272+01:00;31.2;81.7
2024-06-26T07:05:52,007291583+01:00;31.3;81.5
2024-06-26T07:05:53,053612932+01:00;31.4;81.3
2024-06-26T07:05:54,100290898+01:00;31.5;81.2
2024-06-26T07:05:55,143935470+01:00;31.6;81.1
2024-06-26T07:05:56,191344273+01:00;31.6;80.8
2024-06-26T07:05:57,236248070+01:00;31.7;80.7
2024-06-26T07:05:58,281224994+01:00;31.8;80.5
2024-06-26T07:05:59,328798489+01:00;31.9;80.3
2024-06-26T07:06:00,373161455+01:00;32.0;80.2
2024-06-26T07:06:01,416023428+01:00;32.1;80.0
2024-06-26T07:06:02,461836921+01:00;32.2;79.7
2024-06-26T07:06:03,505653743+01:00;32.3;79.5
2024-06-26T07:06:04,553009691+01:00;32.3;79.4
2024-06-26T07:06:05,599002616+01:00;32.4;79.1
2024-06-26T07:06:06,645169761+01:00;32.5;79.0
2024-06-26T07:06:07,692247691+01:00;32.6;78.7
2024-06-26T07:06:08,739236508+01:00;32.7;78.5
2024-06-26T07:06:09,789214709+01:00;32.8;78.3
2024-06-26T07:06:10,840379895+01:00;32.9;78.1
2024-06-26T07:06:11,885638189+01:00;33.0;77.9
2024-06-26T07:06:12,934375870+01:00;33.1;77.7
2024-06-26T07:06:13,980017761+01:00;33.2;77.4
2024-06-26T07:06:15,025456736+01:00;33.3;77.2
2024-06-26T07:06:16,070345398+01:00;33.4;77.0
2024-06-26T07:06:17,120735172+01:00;33.5;76.8
2024-06-26T07:06:18,170789425+01:00;33.6;76.5
2024-06-26T07:06:19,219624561+01:00;33.7;76.4
2024-06-26T07:06:20,263003327+01:00;33.8;76.1
2024-06-26T07:06:21,305004590+01:00;33.9;75.9
2024-06-26T07:06:22,351568941+01:00;34.0;75.7
2024-06-26T07:06:23,396035683+01:00;34.1;75.4
2024-06-26T07:06:24,440493780+01:00;34.2;75.2
2024-06-26T07:06:25,484832190+01:00;34.3;75.0
2024-06-26T07:06:26,528453933+01:00;34.4;74.8
2024-06-26T07:06:27,575393030+01:00;34.5;74.6
2024-06-26T07:06:28,618659774+01:00;34.6;74.4
2024-06-26T07:06:29,666131792+01:00;34.7;74.2
2024-06-26T07:06:30,714001677+01:00;34.7;73.9
2024-06-26T07:06:31,760959946+01:00;34.8;73.7
2024-06-26T07:06:32,807609257+01:00;34.9;73.5
2024-06-26T07:06:33,855194561+01:00;35.0;73.3
2024-06-26T07:06:34,905759719+01:00;35.1;73.1
2024-06-26T07:06:35,952182053+01:00;35.2;72.9
2024-06-26T07:06:37,002179816+01:00;35.3;72.7
2024-06-26T07:06:38,050115803+01:00;35.4;72.4
2024-06-26T07:06:39,095955274+01:00;35.5;72.3
2024-06-26T07:06:40,143243188+01:00;35.6;72.1
2024-06-26T07:06:41,191376471+01:00;35.7;71.8
2024-06-26T07:06:42,238342980+01:00;35.8;71.6
2024-06-26T07:06:43,283582714+01:00;35.9;71.5
2024-06-26T07:06:44,330923966+01:00;36.0;71.2
2024-06-26T07:06:45,377865635+01:00;36.1;71.0
2024-06-26T07:06:46,425331941+01:00;36.2;70.8
2024-06-26T07:06:47,471643506+01:00;36.3;70.6
2024-06-26T07:06:48,520378829+01:00;36.4;70.4
2024-06-26T07:06:49,567271596+01:00;36.4;70.2
2024-06-26T07:06:50,618343491+01:00;36.6;70.0
2024-06-26T07:06:51,663644953+01:00;36.7;69.8
2024-06-26T07:06:52,709979387+01:00;36.7;69.6
2024-06-26T07:06:53,759017477+01:00;36.8;69.4
2024-06-26T07:06:54,803051595+01:00;36.9;69.2
2024-06-26T07:06:55,848907125+01:00;37.0;69.0
2024-06-26T07:06:56,892667389+01:00;37.1;68.8
2024-06-26T07:06:57,940022874+01:00;37.2;68.6
2024-06-26T07:06:58,989626075+01:00;37.3;68.4
2024-06-26T07:06:59,460887224+01:00;37.4;68.3
2024-06-26T07:07:00,504195512+01:00;37.4;68.1
2024-06-26T07:07:01,551911991+01:00;37.5;68.0
2024-06-26T07:07:03,599304022+01:00;37.7;67.6
2024-06-26T07:07:04,649847857+01:00;37.8;67.4
2024-06-26T07:07:05,693608130+01:00;37.9;67.2
2024-06-26T07:07:06,740458935+01:00;38.0;67.0
2024-06-26T07:07:07,784359211+01:00;38.1;66.8
2024-06-26T07:07:08,829886107+01:00;38.2;66.7
2024-06-26T07:07:09,876239570+01:00;38.3;66.4
2024-06-26T07:07:10,922290272+01:00;38.3;66.3
2024-06-26T07:07:11,968110089+01:00;38.4;66.1
2024-06-26T07:07:13,016044810+01:00;38.5;65.9
2024-06-26T07:07:14,062824111+01:00;38.6;65.8
2024-06-26T07:07:15,110717949+01:00;38.7;65.5
2024-06-26T07:07:16,157451991+01:00;38.8;65.4
2024-06-26T07:07:17,203866242+01:00;38.9;65.2
2024-06-26T07:07:18,250794663+01:00;39.0;65.0
2024-06-26T07:07:19,295224431+01:00;39.1;64.9
2024-06-26T07:07:20,341639727+01:00;39.1;64.7
2024-06-26T07:07:21,388701588+01:00;39.2;64.5
2024-06-26T07:07:22,435604075+01:00;39.3;64.4
2024-06-26T07:07:23,481649217+01:00;39.4;64.2
2024-06-26T07:07:24,528545247+01:00;39.5;64.0
2024-06-26T07:07:25,579525928+01:00;39.5;63.8
2024-06-26T07:07:26,626782013+01:00;39.6;63.7
2024-06-26T07:07:27,673706641+01:00;39.7;63.5
2024-06-26T07:07:28,720300435+01:00;39.8;63.4
2024-06-26T07:07:29,768028817+01:00;39.9;63.2
2024-06-26T07:07:30,814829593+01:00;40.0;63.0
2024-06-26T07:07:31,863743502+01:00;40.1;62.9
2024-06-26T07:07:32,909908341+01:00;40.2;62.7
2024-06-26T07:07:33,953894215+01:00;40.2;62.6
2024-06-26T07:07:34,997387381+01:00;40.3;62.4
2024-06-26T07:07:36,040774505+01:00;40.4;62.2
2024-06-26T07:07:37,087723412+01:00;40.5;62.1
2024-06-26T07:07:38,134406070+01:00;40.5;61.9
2024-06-26T07:07:39,181616908+01:00;40.6;61.8
2024-06-26T07:07:40,225974976+01:00;40.7;61.6
2024-06-26T07:07:41,272342688+01:00;40.8;61.5
2024-06-26T07:07:42,319601757+01:00;40.9;61.3
2024-06-26T07:07:43,370041255+01:00;41.0;61.2
2024-06-26T07:07:44,421283099+01:00;41.0;61.0
2024-06-26T07:07:45,468603578+01:00;41.1;60.9
2024-06-26T07:07:46,515009628+01:00;41.2;60.7
2024-06-26T07:07:47,561483596+01:00;41.2;60.6
2024-06-26T07:07:48,608279649+01:00;41.3;60.4
2024-06-26T07:07:49,659594780+01:00;41.4;60.3
2024-06-26T07:07:50,710133086+01:00;41.5;60.2
2024-06-26T07:07:51,758953107+01:00;41.6;60.0
2024-06-26T07:07:52,803523168+01:00;41.7;59.9
2024-06-26T07:07:53,849573025+01:00;41.7;59.8
2024-06-26T07:07:54,899337531+01:00;41.8;59.6
2024-06-26T07:07:55,945581871+01:00;41.9;59.5
2024-06-26T07:07:56,989987976+01:00;42.0;59.4
2024-06-26T07:07:57,462478789+01:00;42.0;59.3
2024-06-26T07:07:58,497687888+01:00;42.1;59.1
2024-06-26T07:07:59,541879620+01:00;42.1;59.0
2024-06-26T07:08:00,588606100+01:00;42.2;58.9
2024-06-26T07:08:01,633737212+01:00;42.3;58.7
2024-06-26T07:08:02,683747819+01:00;42.4;58.6
2024-06-26T07:08:03,728287004+01:00;42.4;58.5
2024-06-26T07:08:04,773369004+01:00;42.5;58.4
2024-06-26T07:08:05,820368147+01:00;42.6;58.3
2024-06-26T07:08:06,866400256+01:00;42.6;58.1
2024-06-26T07:08:07,913544817+01:00;42.7;58.0
2024-06-26T07:08:08,956766346+01:00;42.8;57.9
2024-06-26T07:08:10,003679502+01:00;42.9;57.7
2024-06-26T07:08:11,050157137+01:00;42.9;57.6
2024-06-26T07:08:12,098537643+01:00;43.0;57.5
2024-06-26T07:08:13,149240762+01:00;43.1;57.4
2024-06-26T07:08:14,197096009+01:00;43.1;57.2
2024-06-26T07:08:15,249009602+01:00;43.2;57.1
2024-06-26T07:08:16,296039639+01:00;43.3;57.0
2024-06-26T07:08:17,341626131+01:00;43.4;56.9
2024-06-26T07:08:18,388350804+01:00;43.4;56.8
2024-06-26T07:08:19,434215788+01:00;43.5;56.7
2024-06-26T07:08:20,480693067+01:00;43.6;56.5
2024-06-26T07:08:21,526013468+01:00;43.6;56.4
2024-06-26T07:08:22,572519082+01:00;43.7;56.3
2024-06-26T07:08:23,619586208+01:00;43.7;56.2
2024-06-26T07:08:24,666796149+01:00;43.8;56.1
2024-06-26T07:08:25,705078094+01:00;43.9;56.0
2024-06-26T07:08:26,743917229+01:00;44.0;55.9
2024-06-26T07:08:27,790545087+01:00;44.0;55.8
2024-06-26T07:08:28,837651541+01:00;44.1;55.7
2024-06-26T07:08:29,885520707+01:00;44.2;55.5
2024-06-26T07:08:30,933049040+01:00;44.2;55.4
2024-06-26T07:08:31,979977736+01:00;44.3;55.3
2024-06-26T07:08:33,028279823+01:00;44.3;55.2
2024-06-26T07:08:34,075419876+01:00;44.4;55.1
2024-06-26T07:08:35,122754357+01:00;44.5;55.0
2024-06-26T07:08:36,169579098+01:00;44.5;54.9
2024-06-26T07:08:37,216524882+01:00;44.6;54.8
2024-06-26T07:08:38,257725596+01:00;44.6;54.7
2024-06-26T07:08:39,293231866+01:00;44.7;54.6
2024-06-26T07:08:40,334613885+01:00;44.8;54.5
2024-06-26T07:08:41,382280196+01:00;44.8;54.4
2024-06-26T07:08:42,429944997+01:00;44.9;54.3
2024-06-26T07:08:43,475870678+01:00;44.9;54.2
2024-06-26T07:08:44,520256721+01:00;45.0;54.1
2024-06-26T07:08:45,567996368+01:00;45.1;54.0
2024-06-26T07:08:46,615582006+01:00;45.1;53.9
2024-06-26T07:08:47,654629544+01:00;45.2;53.8
2024-06-26T07:08:48,688327014+01:00;45.3;53.7
2024-06-26T07:08:49,727595492+01:00;45.3;53.6
2024-06-26T07:08:50,774922955+01:00;45.4;53.5
2024-06-26T07:08:51,822820994+01:00;45.4;53.4
2024-06-26T07:08:52,869755437+01:00;45.5;53.3
2024-06-26T07:08:53,916213681+01:00;45.6;53.2
2024-06-26T07:08:54,963911825+01:00;45.6;53.1
2024-06-26T07:08:56,011064969+01:00;45.7;53.0
2024-06-26T07:08:57,057697435+01:00;45.7;52.9
2024-06-26T07:08:58,104772716+01:00;45.8;52.8
2024-06-26T07:08:59,150650962+01:00;45.9;52.7
2024-06-26T07:09:00,199996304+01:00;45.9;52.6
2024-06-26T07:09:01,247160233+01:00;46.0;52.5
2024-06-26T07:09:02,293809527+01:00;46.0;52.4
2024-06-26T07:09:03,340540696+01:00;46.1;52.3
2024-06-26T07:09:04,387904993+01:00;46.1;52.2
2024-06-26T07:09:05,435216739+01:00;46.2;52.1
2024-06-26T07:09:06,481585201+01:00;46.3;52.1
2024-06-26T07:09:07,526005012+01:00;46.3;52.0
2024-06-26T07:09:08,571634619+01:00;46.3;51.9
2024-06-26T07:09:09,620499550+01:00;46.4;51.7
2024-06-26T07:09:10,668099738+01:00;46.4;51.7
2024-06-26T07:09:11,715553677+01:00;46.5;51.6
2024-06-26T07:09:12,763256315+01:00;46.5;51.5
2024-06-26T07:09:13,806887379+01:00;46.6;51.4
2024-06-26T07:09:14,850552870+01:00;46.7;51.3
2024-06-26T07:09:15,895321907+01:00;46.7;51.2
2024-06-26T07:09:16,941070167+01:00;46.8;51.1
2024-06-26T07:09:17,987702702+01:00;46.8;51.1
2024-06-26T07:09:18,457541975+01:00;46.8;51.1
2024-06-26T07:09:19,500563353+01:00;46.9;50.9
2024-06-26T07:09:20,548328185+01:00;46.9;50.8
2024-06-26T07:09:22,595968843+01:00;47.0;50.7
2024-06-26T07:09:23,641599399+01:00;47.1;50.6
2024-06-26T07:09:24,688471836+01:00;47.2;50.5
2024-06-26T07:09:25,735505315+01:00;47.2;50.4
2024-06-26T07:09:26,774236216+01:00;47.2;50.3
2024-06-26T07:09:27,816235514+01:00;47.3;50.2
2024-06-26T07:09:28,864624000+01:00;47.3;50.2
2024-06-26T07:09:29,911465295+01:00;47.4;50.1
2024-06-26T07:09:30,958777008+01:00;47.4;50.0
2024-06-26T07:09:32,008954200+01:00;47.5;49.9
2024-06-26T07:09:33,052924394+01:00;47.6;49.8
2024-06-26T07:09:34,100514965+01:00;47.6;49.7
2024-06-26T07:09:35,145724695+01:00;47.6;49.6
2024-06-26T07:09:36,193084798+01:00;47.7;49.5
2024-06-26T07:09:37,239611826+01:00;47.7;49.5
2024-06-26T07:09:38,286793232+01:00;47.8;49.4
2024-06-26T07:09:39,334187400+01:00;47.8;49.3
2024-06-26T07:09:40,381921570+01:00;47.9;49.2
2024-06-26T07:09:41,431395277+01:00;47.9;49.1
2024-06-26T07:09:42,470197909+01:00;48.0;49.1
2024-06-26T07:09:43,511430029+01:00;48.0;49.0
2024-06-26T07:09:44,558713731+01:00;48.1;48.9
2024-06-26T07:09:45,609520936+01:00;48.1;48.8
2024-06-26T07:09:46,656651306+01:00;48.2;48.7
2024-06-26T07:09:47,703802354+01:00;48.2;48.6
2024-06-26T07:09:48,753933100+01:00;48.2;48.6
2024-06-26T07:09:49,800937483+01:00;48.3;48.5
2024-06-26T07:09:50,847244468+01:00;48.3;48.4
2024-06-26T07:09:51,895258231+01:00;48.4;48.3
2024-06-26T07:09:52,941856833+01:00;48.4;48.2
2024-06-26T07:09:53,991887218+01:00;48.5;48.2
2024-06-26T07:09:55,036202690+01:00;48.5;48.0
2024-06-26T07:09:56,082510148+01:00;48.6;48.0
2024-06-26T07:09:57,131990585+01:00;48.6;47.9
2024-06-26T07:09:58,176534705+01:00;48.6;47.8
2024-06-26T07:09:59,224477692+01:00;48.7;47.7
2024-06-26T07:10:00,272086302+01:00;48.7;47.7
2024-06-26T07:10:01,318367410+01:00;48.8;47.6
2024-06-26T07:10:02,364069870+01:00;48.8;47.5
2024-06-26T07:10:03,409728945+01:00;48.9;47.5
2024-06-26T07:10:04,456894277+01:00;48.9;47.4
2024-06-26T07:10:05,504096640+01:00;48.9;47.3
2024-06-26T07:10:06,551121764+01:00;49.0;47.3
2024-06-26T07:10:07,597378813+01:00;49.0;47.2
2024-06-26T07:10:08,645591650+01:00;49.1;47.1
2024-06-26T07:10:09,692169431+01:00;49.1;47.0
2024-06-26T07:10:10,738415337+01:00;49.2;46.9
2024-06-26T07:10:11,783585771+01:00;49.2;46.9
2024-06-26T07:10:12,830410846+01:00;49.2;46.8
2024-06-26T07:10:13,876325243+01:00;49.3;46.8
2024-06-26T07:10:14,921798857+01:00;49.3;46.7
2024-06-26T07:10:15,968151016+01:00;49.4;46.6
2024-06-26T07:10:17,011914679+01:00;49.4;46.5
2024-06-26T07:10:18,058499444+01:00;49.4;46.5
2024-06-26T07:10:19,105940516+01:00;49.5;46.4
2024-06-26T07:10:20,152704450+01:00;49.5;46.3
2024-06-26T07:10:21,200317034+01:00;49.6;46.3
2024-06-26T07:10:22,248509048+01:00;49.6;46.2
2024-06-26T07:10:23,292795268+01:00;49.6;46.2
2024-06-26T07:10:24,339132798+01:00;49.7;46.1
2024-06-26T07:10:25,386054966+01:00;49.7;46.0
2024-06-26T07:10:26,433190156+01:00;49.8;46.0
2024-06-26T07:10:27,482377280+01:00;49.8;45.9
2024-06-26T07:10:28,527099651+01:00;49.8;45.8
2024-06-26T07:10:29,573862394+01:00;49.9;45.7
2024-06-26T07:10:30,620348002+01:00;49.9;45.7
2024-06-26T07:10:31,668335021+01:00;49.9;45.6
2024-06-26T07:10:32,715567768+01:00;50.0;45.6
2024-06-26T07:10:33,763353590+01:00;50.0;45.5
2024-06-26T07:10:34,810000971+01:00;50.1;45.5
2024-06-26T07:10:35,856616479+01:00;50.1;45.4
2024-06-26T07:10:36,903457716+01:00;50.1;45.3
2024-06-26T07:10:37,951937242+01:00;50.1;45.3
2024-06-26T07:10:38,996071545+01:00;50.2;45.2
2024-06-26T07:10:40,042924868+01:00;50.2;45.1
2024-06-26T07:10:41,088589646+01:00;50.3;45.1
2024-06-26T07:10:42,135426825+01:00;50.3;45.0
2024-06-26T07:10:43,175765285+01:00;50.3;44.9
2024-06-26T07:10:44,212736027+01:00;50.4;44.9
2024-06-26T07:10:45,255184079+01:00;50.4;44.8
2024-06-26T07:10:46,300670683+01:00;50.4;44.7
2024-06-26T07:10:47,347387031+01:00;50.5;44.7
2024-06-26T07:10:48,394652757+01:00;50.5;44.6
2024-06-26T07:10:49,441910515+01:00;50.5;44.6
2024-06-26T07:10:50,489401972+01:00;50.6;44.5
2024-06-26T07:10:51,533828836+01:00;50.6;44.5
2024-06-26T07:10:52,580633365+01:00;50.6;44.4
2024-06-26T07:10:53,626117526+01:00;50.7;44.4
2024-06-26T07:10:54,670006839+01:00;50.7;44.3
2024-06-26T07:10:55,713321307+01:00;50.8;44.3
2024-06-26T07:10:56,757394580+01:00;50.8;44.2
2024-06-26T07:10:57,801767802+01:00;50.8;44.1
2024-06-26T07:10:58,848545252+01:00;50.9;44.1
2024-06-26T07:10:59,893316029+01:00;50.9;44.0
2024-06-26T07:11:00,937697014+01:00;50.9;44.0
2024-06-26T07:11:01,984847384+01:00;51.0;43.9
2024-06-26T07:11:02,458697066+01:00;51.0;43.9
2024-06-26T07:11:03,504436078+01:00;51.0;43.8
2024-06-26T07:11:04,550980562+01:00;51.0;43.8
2024-06-26T07:11:06,598024380+01:00;51.1;43.7
2024-06-26T07:11:07,645103451+01:00;51.1;43.7
2024-06-26T07:11:08,692199294+01:00;51.2;43.6
2024-06-26T07:11:09,737793986+01:00;51.2;43.6
2024-06-26T07:11:10,775585580+01:00;51.2;43.5
2024-06-26T07:11:11,813566134+01:00;51.3;43.5
2024-06-26T07:11:12,861236616+01:00;51.3;43.4
2024-06-26T07:11:13,910216375+01:00;51.3;43.3
2024-06-26T07:11:14,956252582+01:00;51.4;43.3
2024-06-26T07:11:16,001356443+01:00;51.4;43.3
2024-06-26T07:11:17,046654525+01:00;51.4;43.2
2024-06-26T07:11:18,094037561+01:00;51.4;43.2
2024-06-26T07:11:19,141493880+01:00;51.5;43.2
2024-06-26T07:11:20,188500250+01:00;51.5;43.1
2024-06-26T07:11:21,235491673+01:00;51.5;43.0
2024-06-26T07:11:22,279807462+01:00;51.6;43.0
2024-06-26T07:11:23,326444875+01:00;51.6;43.0
2024-06-26T07:11:24,374626355+01:00;51.6;43.0
2024-06-26T07:11:25,423387318+01:00;51.7;42.9
2024-06-26T07:11:26,468405300+01:00;51.7;42.8
2024-06-26T07:11:27,515068965+01:00;51.7;42.8
2024-06-26T07:11:28,561402160+01:00;51.7;42.8
2024-06-26T07:11:29,608576193+01:00;51.8;42.7
2024-06-26T07:11:30,656268509+01:00;51.8;42.7
2024-06-26T07:11:31,704088535+01:00;51.8;42.6
2024-06-26T07:11:32,751993770+01:00;51.9;42.6
2024-06-26T07:11:33,798314885+01:00;51.9;42.6
2024-06-26T07:11:34,846838561+01:00;51.9;42.5
2024-06-26T07:11:35,886022779+01:00;52.0;42.5
2024-06-26T07:11:36,924542360+01:00;52.0;42.4
2024-06-26T07:11:37,971564731+01:00;52.0;42.4
2024-06-26T07:11:39,018451164+01:00;52.0;42.4
2024-06-26T07:11:40,066239215+01:00;52.1;42.3
2024-06-26T07:11:41,113653203+01:00;52.1;42.3
2024-06-26T07:11:42,161018389+01:00;52.1;42.2
2024-06-26T07:11:43,207598626+01:00;52.2;42.2
2024-06-26T07:11:44,258451742+01:00;52.2;42.1
2024-06-26T07:11:45,303085983+01:00;52.2;42.1
2024-06-26T07:11:46,348641010+01:00;52.3;42.1
2024-06-26T07:11:47,395815887+01:00;52.3;42.1
2024-06-26T07:11:48,442670189+01:00;52.3;42.0
2024-06-26T07:11:49,490461528+01:00;52.3;42.0
2024-06-26T07:11:50,537736250+01:00;52.4;41.9
2024-06-26T07:11:51,582032005+01:00;52.4;41.9
2024-06-26T07:11:52,630378033+01:00;52.4;41.9
2024-06-26T07:11:53,679753754+01:00;52.4;41.8
2024-06-26T07:11:54,726552540+01:00;52.5;41.8
2024-06-26T07:11:55,772007051+01:00;52.5;41.7
2024-06-26T07:11:56,819036099+01:00;52.5;41.7
2024-06-26T07:11:57,867373381+01:00;52.5;41.7
2024-06-26T07:11:58,914872900+01:00;52.6;41.7
2024-06-26T07:11:59,962098253+01:00;52.6;41.6
2024-06-26T07:12:01,010818819+01:00;52.6;41.5
2024-06-26T07:12:02,057379483+01:00;52.7;41.5
2024-06-26T07:12:03,104613587+01:00;52.7;41.5
2024-06-26T07:12:04,151770921+01:00;52.7;41.5
2024-06-26T07:12:05,201494254+01:00;52.7;41.4
2024-06-26T07:12:06,246510904+01:00;52.8;41.4
2024-06-26T07:12:07,293881991+01:00;52.8;41.3
2024-06-26T07:12:08,340360887+01:00;52.8;41.3
2024-06-26T07:12:09,390805422+01:00;52.8;41.3
2024-06-26T07:12:10,437724581+01:00;52.9;41.3
2024-06-26T07:12:11,485264264+01:00;52.9;41.3
2024-06-26T07:12:12,531537225+01:00;52.9;41.2
2024-06-26T07:12:13,577911488+01:00;52.9;41.2
2024-06-26T07:12:14,624423669+01:00;53.0;41.1
2024-06-26T07:12:15,670939445+01:00;53.0;41.1
2024-06-26T07:12:16,720156532+01:00;53.0;41.1
2024-06-26T07:12:17,758290666+01:00;53.0;41.0
2024-06-26T07:12:18,797320846+01:00;53.1;41.0
2024-06-26T07:12:19,842978756+01:00;53.1;41.0
2024-06-26T07:12:20,889388284+01:00;53.1;40.9
2024-06-26T07:12:21,934931924+01:00;53.1;40.9
2024-06-26T07:12:22,981482235+01:00;53.2;40.9
2024-06-26T07:12:24,028352340+01:00;53.2;40.9
2024-06-26T07:12:25,076250937+01:00;53.2;40.8
2024-06-26T07:12:26,122600103+01:00;53.2;40.8
2024-06-26T07:12:27,170108753+01:00;53.3;40.7
2024-06-26T07:12:28,218172926+01:00;53.3;40.7
2024-06-26T07:12:29,266025484+01:00;53.3;40.7
2024-06-26T07:12:30,312594913+01:00;53.3;40.6
2024-06-26T07:12:31,359444501+01:00;53.4;40.6
2024-06-26T07:12:32,410457592+01:00;53.4;40.6
2024-06-26T07:12:33,455318840+01:00;53.4;40.6
2024-06-26T07:12:34,502625722+01:00;53.4;40.5
2024-06-26T07:12:35,547639836+01:00;53.5;40.5
2024-06-26T07:12:37,594861362+01:00;53.5;40.5
2024-06-26T07:12:38,641526160+01:00;53.5;40.4
2024-06-26T07:12:39,686617673+01:00;53.6;40.4
2024-06-26T07:12:40,731597571+01:00;53.6;40.4
2024-06-26T07:12:41,778563831+01:00;53.6;40.3
2024-06-26T07:12:42,825742488+01:00;53.6;40.3
2024-06-26T07:12:43,869720041+01:00;53.6;40.3
2024-06-26T07:12:44,914570718+01:00;53.7;40.3
2024-06-26T07:12:45,961479027+01:00;53.7;40.2
2024-06-26T07:12:47,006434807+01:00;53.7;40.2
2024-06-26T07:12:48,051917436+01:00;53.7;40.2
2024-06-26T07:12:49,098278262+01:00;53.8;40.1
2024-06-26T07:12:50,137221040+01:00;53.8;40.1
2024-06-26T07:12:51,176206713+01:00;53.8;40.1
2024-06-26T07:12:52,223723346+01:00;53.8;40.1
2024-06-26T07:12:53,270487003+01:00;53.8;40.0
2024-06-26T07:12:54,317950782+01:00;53.9;40.0
2024-06-26T07:12:55,364326638+01:00;53.9;40.0
2024-06-26T07:12:56,412518960+01:00;53.9;39.9
2024-06-26T07:12:57,459595969+01:00;53.9;39.9
2024-06-26T07:12:58,509727344+01:00;54.0;39.9
2024-06-26T07:12:59,560337286+01:00;54.0;39.9
2024-06-26T07:13:00,608949734+01:00;54.0;39.9
2024-06-26T07:13:01,652700296+01:00;54.0;39.8
2024-06-26T07:13:02,700355475+01:00;54.0;39.8
2024-06-26T07:13:03,750313676+01:00;54.1;39.8
2024-06-26T07:13:04,793329914+01:00;54.1;39.7
2024-06-26T07:13:05,839247551+01:00;54.1;39.7
2024-06-26T07:13:06,887081133+01:00;54.1;39.7
2024-06-26T07:13:07,933648981+01:00;54.2;39.7
2024-06-26T07:13:08,982580215+01:00;54.2;39.7
2024-06-26T07:13:10,027110650+01:00;54.2;39.6
2024-06-26T07:13:11,073783589+01:00;54.2;39.6
2024-06-26T07:13:12,120678691+01:00;54.2;39.6
2024-06-26T07:13:13,164940523+01:00;54.3;39.5
2024-06-26T07:13:14,212004016+01:00;54.3;39.5
2024-06-26T07:13:15,258409372+01:00;54.3;39.5
2024-06-26T07:13:16,303312588+01:00;54.3;39.5
2024-06-26T07:13:17,350425704+01:00;54.3;39.5
2024-06-26T07:13:18,395936159+01:00;54.4;39.4
2024-06-26T07:13:19,442195073+01:00;54.4;39.4
2024-06-26T07:13:20,488648913+01:00;54.4;39.4
2024-06-26T07:13:21,535894233+01:00;54.4;39.4
2024-06-26T07:13:22,581613142+01:00;54.4;39.3
2024-06-26T07:13:23,628741439+01:00;54.5;39.3
2024-06-26T07:13:24,676405853+01:00;54.5;39.3
2024-06-26T07:13:25,723504367+01:00;54.5;39.2
2024-06-26T07:13:26,770179165+01:00;54.5;39.2
2024-06-26T07:13:27,816113065+01:00;54.6;39.2
2024-06-26T07:13:28,864581859+01:00;54.6;39.2
2024-06-26T07:13:29,912201110+01:00;54.6;39.2
2024-06-26T07:13:30,959337740+01:00;54.6;39.1
2024-06-26T07:13:32,006661168+01:00;54.6;39.1
2024-06-26T07:13:33,053914159+01:00;54.7;39.1
2024-06-26T07:13:34,098853821+01:00;54.7;39.1
2024-06-26T07:13:35,145694270+01:00;54.7;39.0
2024-06-26T07:13:36,192437301+01:00;54.7;39.0
2024-06-26T07:13:37,240006550+01:00;54.7;39.0
2024-06-26T07:13:38,283798164+01:00;54.8;39.0
2024-06-26T07:13:39,329686240+01:00;54.8;39.0
2024-06-26T07:13:40,376115016+01:00;54.8;39.0
2024-06-26T07:13:41,422128306+01:00;54.8;38.9
2024-06-26T07:13:42,468330267+01:00;54.8;38.9
2024-06-26T07:13:43,514982878+01:00;54.9;38.9
2024-06-26T07:13:44,561837599+01:00;54.9;38.9
2024-06-26T07:13:45,608633391+01:00;54.9;38.8
2024-06-26T07:13:46,655803687+01:00;54.9;38.8
2024-06-26T07:13:47,701463247+01:00;54.9;38.8
2024-06-26T07:13:48,750059000+01:00;55.0;38.8
2024-06-26T07:13:49,793863014+01:00;55.0;38.8
2024-06-26T07:13:50,841234358+01:00;55.0;38.7
2024-06-26T07:13:51,888075841+01:00;55.0;38.7
2024-06-26T07:13:52,934395744+01:00;55.0;38.7
2024-06-26T07:13:53,981185669+01:00;55.1;38.7
2024-06-26T07:13:55,029222276+01:00;55.1;38.6
2024-06-26T07:13:56,076597563+01:00;55.1;38.6
2024-06-26T07:13:57,123656894+01:00;55.1;38.6
2024-06-26T07:13:58,170597504+01:00;55.1;38.6
2024-06-26T07:13:59,217431528+01:00;55.1;38.5
2024-06-26T07:14:00,265449993+01:00;55.2;38.5
2024-06-26T07:14:01,312846721+01:00;55.2;38.5
2024-06-26T07:14:02,358900367+01:00;55.2;38.5
2024-06-26T07:14:03,405624660+01:00;55.2;38.5
2024-06-26T07:14:04,449868903+01:00;55.2;38.5
2024-06-26T07:14:05,493258653+01:00;55.3;38.4
2024-06-26T07:14:06,538942572+01:00;55.3;38.4
2024-06-26T07:14:07,585353906+01:00;55.3;38.4
2024-06-26T07:14:08,631787090+01:00;55.3;38.4
2024-06-26T07:14:09,678492642+01:00;55.3;38.4
2024-06-26T07:14:10,726143576+01:00;55.4;38.4
2024-06-26T07:14:11,771937995+01:00;55.4;38.3
2024-06-26T07:14:12,820049655+01:00;55.4;38.3
2024-06-26T07:14:13,866689327+01:00;55.4;38.3
2024-06-26T07:14:14,913735949+01:00;55.4;38.3
2024-06-26T07:14:15,963228665+01:00;55.5;38.2
2024-06-26T07:14:17,011198613+01:00;55.5;38.3
2024-06-26T07:14:18,058985099+01:00;55.5;38.2
2024-06-26T07:14:19,106592082+01:00;55.5;38.2
2024-06-26T07:14:20,153665922+01:00;55.5;38.1
2024-06-26T07:14:21,200494792+01:00;55.5;38.1
2024-06-26T07:14:22,247898265+01:00;55.6;38.1
2024-06-26T07:14:23,292250965+01:00;55.6;38.1
2024-06-26T07:14:24,339286215+01:00;55.6;38.1
2024-06-26T07:14:25,387137784+01:00;55.6;38.1
2024-06-26T07:14:26,435262919+01:00;55.6;38.0
2024-06-26T07:14:27,482278926+01:00;55.6;38.1
2024-06-26T07:14:28,530055211+01:00;55.7;38.0
2024-06-26T07:14:29,577606786+01:00;55.7;38.0
2024-06-26T07:14:30,625005784+01:00;55.7;38.0
2024-06-26T07:14:31,671780961+01:00;55.7;37.9
2024-06-26T07:14:32,718591008+01:00;55.7;37.9
2024-06-26T07:14:33,764236405+01:00;55.8;37.9
2024-06-26T07:14:34,811760350+01:00;55.8;37.9
2024-06-26T07:14:35,861243468+01:00;55.8;37.9
2024-06-26T07:14:36,905224794+01:00;55.8;37.9
2024-06-26T07:14:37,951076595+01:00;55.8;37.8
2024-06-26T07:14:38,998203877+01:00;55.8;37.8
2024-06-26T07:14:40,048650266+01:00;55.9;37.8
2024-06-26T07:14:41,095446717+01:00;55.9;37.7
2024-06-26T07:14:42,142020278+01:00;55.9;37.8
2024-06-26T07:14:43,188997922+01:00;55.9;37.7
2024-06-26T07:14:44,239096863+01:00;55.9;37.7
2024-06-26T07:14:45,283840418+01:00;55.9;37.7
2024-06-26T07:14:46,330502312+01:00;56.0;37.7
2024-06-26T07:14:47,381281898+01:00;56.0;37.7
2024-06-26T07:14:48,428906280+01:00;56.0;37.7
2024-06-26T07:14:49,478857853+01:00;56.0;37.6
2024-06-26T07:14:50,518285339+01:00;56.0;37.6
2024-06-26T07:14:51,559326635+01:00;56.0;37.6
2024-06-26T07:14:52,610475199+01:00;56.1;37.6
2024-06-26T07:14:53,657861951+01:00;56.1;37.6
2024-06-26T07:14:54,705410497+01:00;56.1;37.6
2024-06-26T07:14:55,755375242+01:00;56.1;37.5
2024-06-26T07:14:56,798567215+01:00;56.1;37.5
2024-06-26T07:14:57,848961641+01:00;56.2;37.5
2024-06-26T07:14:58,892963290+01:00;56.2;37.5
2024-06-26T07:14:59,939362962+01:00;56.2;37.5
